parameter,anchor,baseline_value,low_value,high_value,low_mult,high_mult,cost_baseline,cost_low,cost_high,delta_low,delta_high,abs_span
base_imm,Wilson 1994 qualitative,10,5,15,0.5,1.5,0.1681,0.3266,0.0847,0.1584,-0.0835,0.1584
p_prey_birth,Rowley 1965,0.25,0.1875,0.3125,0.75,1.25,0.1681,0.1134,0.2516,-0.0547,0.0835,0.0835
d_juv_cat,Mirmovitch 1995 D&D p.18,0.25,0.1875,0.3125,0.75,1.25,0.1681,0.09,0.1945,-0.0781,0.0264,0.0781
d_prey_adult,Russell & Rowley 1993,0.05,0.037500000000000006,0.0625,0.75,1.25,0.1681,0.2462,0.1182,0.078,-0.05,0.078
p_predation,free; sensitivity-tested,0.1,0.05,0.15000000000000002,0.5,1.5,0.1681,0.1732,0.1175,0.0051,-0.0507,0.0507
food_cap_total,design parameter,1225,612,1837,0.5,1.5,0.1681,0.2067,0.1576,0.0386,-0.0105,0.0386
K_prey,Parsons 2007 urban Fairy-wren,500,375,625,0.75,1.25,0.1681,0.1406,0.1928,-0.0275,0.0246,0.0275
p_birth,Jones & Coman 1982a,0.17,0.1275,0.21250000000000002,0.75,1.25,0.1681,0.1819,0.1518,0.0138,-0.0163,0.0163
litter,Deag 2000; D&D p.18,4,3,5,0.75,1.25,0.1681,0.1819,0.1518,0.0138,-0.0163,0.0163
d_adult_cat,Warner 1985; D&D p.19,0.025,0.018750000000000003,0.03125,0.75,1.25,0.1681,0.1532,0.18,-0.0149,0.0119,0.0149
